Username,Password
emery35,hK2n5wF9T5
johanna.mendez,4jU9qP5dH4
jordan.whitney,Rn3kL2fZB2
santiago49,Xm7vW6eFJ2
kaitlyn.hill,8mU3rM5yN9
zachary.green,5jC6hV7rG5
kristin.campbell,6fX4gE3kD9
katherine.wilson,3jG8tT5hH2
tyler52,vK4qG2xL7
michaela.henderson,9fD2wK8nM5
jared.adams,5cR4dN7qW2
rebecca22,aF9sJ3kP2
timothy.howard,7hG5uE6aX8
lauren23,pM3tK5bD8
julio.garcia,8vZ6bE2mL5
isabelle.rogers,9pN2kD6yU4
felipe.cruz,2dW8fJ5nL7
cassandra.lee,7jX4rK6fD5
dennis.murphy,6nT4aD9fS5
cristina.parker,4gF6sR8hD2
derek67,dJ5rP9fW6
samantha.hernandez,2xG9cR3tD8
terrance.watson,5qN6bF3vZ4
mackenzie.brown,aJ7fP2hU4
phillip.wood,8yT3uW5rH2
trinity.johnson,6zV4nM2sK7
miguel.morris,9cF6tD5vY2
grace.harris,4hL7kR2pW8
marcus.mitchell,5qW7jK4dF3
aaliyah.ortiz,2sC5rP7wH3
aaron.wright,8zF6xV2tS5
ashley.gonzalez,9wE2qC6rT4
paula.baker,3hM8uX5nC4
adam22,6zV4xR7kP2
vanessa.barnes,4cS7gH2tF6
josephine.ramirez,8tL6fN2sJ4
joseph.howard,7nM2dH5fR8
jake.perez,2kV6rL4zG8
sylvia16,8mW7zH5pC3
george.nelson,6rV7xG2bL5
julian.brown,4fT3nC6qJ8
kristopher.martin,9vR4sH3tM2
ashlyn.morales,5gX2pK7dF6
steven.foster,9vJ7zB2nL5
sophie16,2dG8rW6hP4